{
   "ant_6":[
      -0.937640273371916,
      0.0,
      -0.34760713132937643,
      0.0,
      0.0,
      1.0,
      0.0,
      0.0,
      0.34760713132937643,
      0.0,
      -0.937640273371916,
      0.0,
      2.4848593424081544,
      0.0,
      7.137727510677991,
      1.0
   ],
   "ant_5":[
      0.006821655136356353,
      0.0,
      -0.9999767322399061,
      0.0,
      0.0,
      1.0,
      0.0,
      0.0,
      0.9999767322399061,
      0.0,
      0.006821655136356353,
      0.0,
      -1.8540322730250718,
      0.0,
      9.73218098063094,
      1.0
   ],
   "ant_4":[
      0.871285240841379,
      0.0,
      -0.49077696471205745,
      0.0,
      0.0,
      1.0,
      0.0,
      0.0,
      0.49077696471205745,
      0.0,
      0.871285240841379,
      0.0,
      -6.299169516978225,
      0.0,
      7.6666251027234225,
      1.0
   ],
   "ant_3":[
      0.8087063590512282,
      0.0,
      0.588212567725398,
      0.0,
      0.0,
      1.0,
      0.0,
      0.0,
      -0.588212567725398,
      0.0,
      0.8087063590512282,
      0.0,
      -6.21002262946121,
      0.0,
      1.7637672973095153,
      1.0
   ],
   "ant_2":[
      -0.8783319231407511,
      0.0,
      0.4780512867798491,
      0.0,
      0.0,
      1.0,
      0.0,
      0.0,
      -0.4780512867798491,
      0.0,
      -0.8783319231407511,
      0.0,
      2.3356401069788375,
      0.0,
      2.119398639481373,
      1.0
   ],
   "ant_1":[
      0.2292943565096911,
      0.0,
      0.973357127714595,
      0.0,
      0.0,
      1.0,
      0.0,
      0.0,
      -0.973357127714595,
      0.0,
      0.2292943565096911,
      0.0,
      -2.449129555562593,
      0.0,
      -0.20352172212363687,
      1.0
   ],
   "cactus_1":[
      1.3724602444959724,
      0.0,
      -1.5048160559237869,
      0.0,
      0.0,
      2.036693026670432,
      0.0,
      0.0,
      1.5048160559237869,
      0.0,
      1.3724602444959724,
      0.0,
      0.0,
      -0.49757270621463556,
      22.27941116953675,
      1.0
   ],
   "cactus_2":[
      0.9125199120042841,
      0.0,
      0.37536814483357633,
      0.0,
      0.0,
      0.9867085861388392,
      0.0,
      0.0,
      -0.37536814483357633,
      0.0,
      0.9125199120042841,
      0.0,
      -42.49680646561132,
      -0.5776966534925183,
      -7.73802385780392,
      1.0
   ],
   "cactus_3":[
      1.4234320199205883,
      0.0,
      0.5855335643479012,
      0.0,
      0.0,
      1.5391582993029547,
      0.0,
      0.0,
      -0.5855335643479012,
      0.0,
      1.4234320199205883,
      0.0,
      -42.49680646561132,
      -0.5776966534925183,
      -29.213221725291657,
      1.0
   ]
}