{
   "stones_10":[
      1.416856866815306,
      0.0,
      1.5651843358139437,
      0.0,
      0.0,
      1.5749428829083447,
      0.0,
      0.0,
      -1.5651843358139437,
      0.0,
      1.416856866815306,
      0.0,
      -32.99082943481423,
      0.578723408902519,
      18.53124182041527,
      1.0
   ],
   "stones_11":[
      1.0353218487358329,
      0.0,
      1.14370729896635,
      0.0,
      0.0,
      1.1508380383200434,
      0.0,
      0.0,
      -1.14370729896635,
      0.0,
      1.0353218487358329,
      0.0,
      -34.57187548970421,
      0.3084181631095492,
      18.812814185885294,
      1.0
   ],
   "stones_13":[
      2.8404905073165705,
      0.0,
      3.1378548900801855,
      0.0,
      0.0,
      2.6792952264487147,
      0.0,
      0.0,
      -3.1378548900801855,
      0.0,
      2.8404905073165705,
      0.0,
      4.2381234200539755,
      -0.7408083739650602,
      17.480601976826527,
      1.0
   ],
   "stones_9":[
      2.0405030333131484,
      0.0,
      2.254118577341729,
      0.0,
      0.0,
      2.268172463385711,
      0.0,
      0.0,
      -2.254118577341729,
      0.0,
      2.0405030333131484,
      0.0,
      -27.239167881495717,
      0.5613518338713708,
      16.295317753057052,
      1.0
   ],
   "stones_8":[
      1.4368226557948767,
      0.0,
      0.0,
      0.0,
      0.0,
      0.8279990563392171,
      0.0,
      0.0,
      0.0,
      0.0,
      1.4368226557948767,
      0.0,
      24.651547538419145,
      -0.4351800407509438,
      0.10860935926022641,
      1.0
   ],
   "stones_7":[
      1.5966633233784733,
      0.0,
      1.7638143145241119,
      0.0,
      0.0,
      1.3710372842551488,
      0.0,
      0.0,
      -1.7638143145241119,
      0.0,
      1.5966633233784733,
      0.0,
      33.936411494618845,
      -0.44765125562307756,
      6.655012811848268,
      1.0
   ],
   "stones_6":[
      1.9296781513119599,
      0.0,
      1.531989641793494,
      0.0,
      -0.2774170878899004,
      2.423135840216088,
      0.3494316663101109,
      0.0,
      -1.5066625441382835,
      -0.4461644652743799,
      1.8977764036446658,
      0.0,
      -1.344157193493639,
      1.6903719028919943,
      24.466426801905428,
      1.0
   ],
   "stones_5":[
      1.0,
      0.0,
      0.0,
      0.0,
      0.0,
      0.9834678401444281,
      0.1810828744018982,
      0.0,
      0.0,
      -0.1810828744018982,
      0.9834678401444281,
      0.0,
      -11.40410038836647,
      1.0220161883490047,
      -13.032868136523724,
      1.0
   ],
   "stones_4":[
      1.296840917090878,
      0.0,
      1.0295742068108302,
      0.0,
      -0.1864382567793596,
      1.628469339887131,
      0.23483568090881002,
      0.0,
      -1.0125531214406598,
      -0.29984499432011674,
      1.2754013357422849,
      0.0,
      -6.17398951599665,
      1.461085541421217,
      -9.917946361887683,
      1.0
   ],
   "stones_3":[
      0.892360476102206,
      0.0,
      0.7084533787175986,
      0.0,
      0.0,
      0.8546673721028233,
      0.0,
      0.0,
      -0.7084533787175986,
      0.0,
      0.892360476102206,
      0.0,
      -10.742937097448756,
      0.0033376553201299453,
      5.803611672885799,
      1.0
   ],
   "stones_2":[
      1.2968409170908788,
      0.0,
      1.0295742068108287,
      0.0,
      0.0,
      1.2420626510564217,
      0.0,
      0.0,
      -1.0295742068108287,
      0.0,
      1.2968409170908788,
      0.0,
      -6.094511475987327,
      -0.005559121215882999,
      5.3501938470956905,
      1.0
   ],
   "stones_1":[
      1.0,
      0.0,
      0.0,
      0.0,
      0.0,
      0.7501084870552036,
      0.0,
      0.0,
      0.0,
      0.0,
      1.0,
      0.0,
      -12.284981484905853,
      0.005738915959227101,
      2.2581867240980635,
      1.0
   ],
   "stones_12":[
      1.0353218487358329,
      0.0,
      1.14370729896635,
      0.0,
      0.0,
      1.1508380383200434,
      0.0,
      0.0,
      -1.14370729896635,
      0.0,
      1.0353218487358329,
      0.0,
      -34.57187548970421,
      0.3084181631095492,
      18.812814185885294,
      1.0
   ],
   "gras_12":[
      0.7671068514209709,
      0.024248152433506177,
      0.274317670759676,
      0.0,
      -0.04372459221897473,
      0.7151659300458069,
      0.05905555312896743,
      0.0,
      -0.2389459848417838,
      -0.07029877046327461,
      0.6744068542191054,
      0.0,
      -41.37591318976831,
      -0.44390206459244397,
      8.243946332176241,
      1.0
   ],
   "gras_1":[
      0.7891639708114792,
      0.0013590424400476357,
      0.0001408256259567275,
      0.0,
      -0.0013663192199397385,
      0.7849610199705869,
      0.0813386129318482,
      0.0,
      -3.2085546524326606e-20,
      -0.08133873484099657,
      0.7849621964589237,
      0.0,
      4.451013552221832,
      0.7886350602007315,
      -5.81257055370832,
      1.0
   ],
   "gras_2":[
      0.9555605856575232,
      -0.015537915636561235,
      0.16600060430838695,
      0.0,
      -0.00148136649142614,
      0.8510565723516508,
      0.08818751423377737,
      0.0,
      -0.1470583876671653,
      -0.0871285620698396,
      0.8383668443734705,
      0.0,
      10.18832427620534,
      0.6943147429036707,
      -5.81257055370832,
      1.0
   ],
   "gras_3":[
      0.7687054718658175,
      -0.026596608817873162,
      0.2695841182402772,
      0.0,
      -0.0012447193917729032,
      0.715100972806543,
      0.07409963011472748,
      0.0,
      -0.23894598484178378,
      -0.07029877046327453,
      0.6744068542191054,
      0.0,
      8.096387239321777,
      0.24776283441115088,
      -1.2399395007433887,
      1.0
   ],
   "gras_4":[
      0.7691170728705902,
      -0.00359945546708532,
      0.26969807382286537,
      0.0,
      0.003292645385358402,
      0.7189233771809346,
      0.0002050548557420106,
      0.0,
      -0.23789367406140452,
      0.0008960400048484326,
      0.6784301753108007,
      0.0,
      8.096387239321777,
      -0.5706319927443383,
      14.28078968733153,
      1.0
   ],
   "gras_5":[
      0.6719937245124692,
      -0.0031449197669161833,
      0.23564086602009474,
      0.0,
      0.002876853360890197,
      0.628138439402692,
      0.00017916073001102912,
      0.0,
      -0.20785269461490272,
      0.000782888953333094,
      0.592758679282967,
      0.0,
      4.0413884135485425,
      -0.6253972295447603,
      14.726319145882806,
      1.0
   ],
   "gras_6":[
      0.7671068514209709,
      0.024248152433506177,
      0.274317670759676,
      0.0,
      -0.04372459221897473,
      0.7151659300458069,
      0.05905555312896743,
      0.0,
      -0.2389459848417838,
      -0.07029877046327461,
      0.6744068542191054,
      0.0,
      -18.11304225841255,
      -0.44390206459244397,
      13.105979517114147,
      1.0
   ],
   "gras_7":[
      0.6262823613952204,
      0.001078539239081258,
      0.00011175954406338245,
      0.0,
      -0.0010830329485683901,
      0.6253478290947158,
      0.03420075464105931,
      0.0,
      -5.269457507650094e-05,
      -0.034200896647535235,
      0.6253487569537863,
      0.0,
      -21.758415945512493,
      -0.09454648814983946,
      -4.577383331176723,
      1.0
   ],
   "gras_8":[
      0.8133593833422622,
      -0.0037400445471955043,
      0.05218816417855536,
      0.0,
      0.0032926453853584043,
      0.7189233771809346,
      0.00020505485574201095,
      0.0,
      -0.04603459140569937,
      6.200706220630996e-06,
      0.7174555889907259,
      0.0,
      -5.225149410239688,
      -0.5332916074694308,
      17.103783983817053,
      1.0
   ],