{
   "ant5":[
      -0.2782159918426337,
      0.0,
      -0.9605185380215311,
      0.0,
      0.0,
      1.0,
      0.0,
      0.0,
      0.9605185380215311,
      0.0,
      -0.2782159918426337,
      0.0,
      4.012772238487377,
      0.0,
      10.569864081249236,
      1.0
   ],
   "ant4":[
      -0.7166319370935552,
      0.0,
      -0.6974515515342546,
      0.0,
      0.0,
      1.0,
      0.0,
      0.0,
      0.6974515515342546,
      0.0,
      -0.7166319370935552,
      0.0,
      7.489237744597535,
      0.0,
      8.809826889524546,
      1.0
   ],
   "ant6":[
      0.48868900403606474,
      0.0,
      -0.8724580547706802,
      0.0,
      0.0,
      1.0,
      0.0,
      0.0,
      0.8724580547706802,
      0.0,
      0.48868900403606474,
      0.0,
      -3.2436260478912318,
      0.0,
      10.550138609616718,
      1.0
   ],
   "ant1":[
      0.7858647663845502,
      0.0,
      0.618398390162326,
      0.0,
      0.0,
      1.0,
      0.0,
      0.0,
      -0.618398390162326,
      0.0,
      0.7858647663845502,
      0.0,
      0.11608388452282958,
      0.0,
      -0.4445340912956833,
      1.0
   ],
   "ant3":[
      -0.9983740838060353,
      0.0,
      -0.057001655979978944,
      0.0,
      0.0,
      1.0,
      0.0,
      0.0,
      0.057001655979978944,
      0.0,
      -0.9983740838060353,
      0.0,
      8.537831089900328,
      0.0,
      4.116641194878181,
      1.0
   ],
   "ant2":[
      -0.479203161299391,
      0.0,
      0.8777040105870941,
      0.0,
      0.0,
      1.0,
      0.0,
      0.0,
      -0.8777040105870941,
      0.0,
      -0.479203161299391,
      0.0,
      5.566710857198641,
      0.0,
      -0.6951623631223465,
      1.0
   ]
}